{
  "Table": [
    {
      "RaidEnemyInfo": {
        "RomVer": 0,
        "No": 2022123001,
        "DeliveryGroupID": 1,
        "Difficulty": 7,
        "Rate": 1,
        "DropTableFix": 16116373570702820429,
        "DropTableRandom": 16116373570702820429,
        "CaptureRate": 2,
        "CaptureLv": 100,
        "BossPokePara": {
          "DevId": 815,
          "FormId": 0,
          "Sex": 1,
          "Item": 0,
          "Level": 100,
          "BallId": 0,
          "WazaType": 1,
          "Waza1": {
            "WazaId": 136,
            "PointUp": 0
          },
          "Waza2": {
            "WazaId": 780,
            "PointUp": 0
          },
          "Waza3": {
            "WazaId": 512,
            "PointUp": 0
          },
          "Waza4": {
            "WazaId": 442,
            "PointUp": 0
          },
          "GemType": 3,
          "Seikaku": 4,
          "Tokusei": 4,
          "TalentType": 2,
          "TalentValue": {
            "HP": 31,
            "ATK": 31,
            "DEF": 31,
            "SPA": 31,
            "SPD": 31,
            "SPE": 31
          },
          "TalentVnum": 0,
          "EffortValue": {
            "HP": 0,
            "ATK": 0,
            "DEF": 0,
            "SPA": 0,
            "SPD": 0,
            "SPE": 0
          },
          "RareType": 1,
          "ScaleType": 6,
          "ScaleValue": 128
        },
        "BossPokeSize": {
          "HeightType": 1,
          "HeightValue": 1,
          "WeightType": 2,
          "WeightValue": 1,
          "ScaleType": 4,
          "ScaleValue": 1
        },
        "BossDesc": {
          "HpCoef": 3000,
          "PowerChargeTrigerHp": 70,
          "PowerChargeTrigerTime": 70,
          "PowerChargeLimitTime": 9999,
          "PowerChargeCancelDamage": 40,
          "PowerChargePenaltyTime": 0,
          "PowerChargePenaltyAction": 0,
          "PowerChargeDamageRate": 20,
          "PowerChargeGemDamageRate": 70,
          "PowerChargeChangeGemDamageRate": 30,
          "ExtraAction1": {
            "Timming": 1,
            "Action": 3,
            "Value": 99,
            "Wazano": 339
          },
          "ExtraAction2": {
            "Timming": 2,
            "Action": 3,
            "Value": 90,
            "Wazano": 339
          },
          "ExtraAction3": {
            "Timming": 2,
            "Action": 3,
            "Value": 75,
            "Wazano": 339
          },
          "ExtraAction4": {
            "Timming": 2,
            "Action": 1,
            "Value": 60,
            "Wazano": 0
          },
          "ExtraAction5": {
            "Timming": 1,
            "Action": 2,
            "Value": 60,
            "Wazano": 0
          },
          "ExtraAction6": {
            "Timming": 2,
            "Action": 3,
            "Value": 45,
            "Wazano": 339
          },
          "DoubleActionTriggerHp": 70,
          "DoubleActionTriggerTime": 70,
          "DoubleActionRate": 50
        },
        "RaidTimeData": {
          "IsActive": true,
          "GameLimit": 450,
          "ClientLimit": 0,
          "CommandLimit": 60,
          "PokeReviveTime": 0,
          "AiIntervalTime": 0,
          "AiIntervalRand": 0
        }
      }
    },
    {
      "RaidEnemyInfo": {
        "RomVer": 0,
        "No": 2022123002,
        "DeliveryGroupID": 2,
        "Difficulty": 4,
        "Rate": 2,
        "DropTableFix": 16116370272167935796,
        "DropTableRandom": 16116370272167935796,
        "CaptureRate": 1,
        "CaptureLv": 45,
        "BossPokePara": {
          "DevId": 94,
          "FormId": 0,
          "Sex": 0,
          "Item": 0,
          "Level": 45,
          "BallId": 0,
          "WazaType": 1,
          "Waza1": {
            "WazaId": 399,
            "PointUp": 0
          },
          "Waza2": {
            "WazaId": 499,
            "PointUp": 0
          },
          "Waza3": {
            "WazaId": 188,
            "PointUp": 0
          },
          "Waza4": {
            "WazaId": 421,
            "PointUp": 0
          },
          "GemType": 1,
          "Seikaku": 0,
          "Tokusei": 1,
          "TalentType": 1,
          "TalentValue": {
            "HP": 0,
            "ATK": 0,
            "DEF": 0,
            "SPA": 0,
            "SPD": 0,
            "SPE": 0
          },
          "TalentVnum": 3,
          "EffortValue": {
            "HP": 0,
            "ATK": 0,
            "DEF": 0,
            "SPA": 0,
            "SPD": 0,
            "SPE": 0
          },
          "RareType": 0,
          "ScaleType": 0,
          "ScaleValue": 0
        },
        "BossPokeSize": {
          "HeightType": 1,
          "HeightValue": 1,
          "WeightType": 2,
          "WeightValue": 1,
          "ScaleType": 4,
          "ScaleValue": 1
        },
        "BossDesc": {
          "HpCoef": 1200,
          "PowerChargeTrigerHp": 50,
          "PowerChargeTrigerTime": 35,
          "PowerChargeLimitTime": 9999,
          "PowerChargeCancelDamage": 20,
          "PowerChargePenaltyTime": 0,
          "PowerChargePenaltyAction": 0,
          "PowerChargeDamageRate": 20,
          "PowerChargeGemDamageRate": 0,
          "PowerChargeChangeGemDamageRate": 0,
          "ExtraAction1": {
            "Timming": 1,
            "Action": 3,
            "Value": 80,
            "Wazano": 122
          },
          "ExtraAction2": {
            "Timming": 2,
            "Action": 1,
            "Value": 75,
            "Wazano": 0
          },
          "ExtraAction3": {
            "Timming": 1,
            "Action": 2,
            "Value": 35,
            "Wazano": 0
          },
          "ExtraAction4": {
            "Timming": 0,
            "Action": 0,
            "Value": 0,
            "Wazano": 0
          },
          "ExtraAction5": {
            "Timming": 0,
            "Action": 0,
            "Value": 0,
            "Wazano": 0
          },
          "ExtraAction6": {
            "Timming": 0,
            "Action": 0,
            "Value": 0,
            "Wazano": 0
          },
          "DoubleActionTriggerHp": 0,
          "DoubleActionTriggerTime": 0,
          "DoubleActionRate": 0
        },
        "RaidTimeData": {
          "IsActive": false,
          "GameLimit": 300,
          "ClientLimit": 0,
          "CommandLimit": 0,
          "PokeReviveTime": 0,
          "AiIntervalTime": 0,
          "AiIntervalRand": 0
        }
      }
    },
    {
      "RaidEnemyInfo": {
        "RomVer": 0,
        "No": 2022123003,
        "DeliveryGroupID": 2,
        "Difficulty": 5,
        "Rate": 1,
        "DropTableFix": 16116371371679564007,
        "DropTableRandom": 16116371371679564007,
        "CaptureRate": 1,
        "CaptureLv": 75,
        "BossPokePara": {
          "DevId": 94,
          "FormId": 0,
          "Sex": 0,
          "Item": 0,
          "Level": 75,
          "BallId": 0,
          "WazaType": 1,
          "Waza1": {
            "WazaId": 247,
            "PointUp": 0
          },
          "Waza2": {
            "WazaId": 499,
            "PointUp": 0
          },
          "Waza3": {
            "WazaId": 188,
            "PointUp": 0
          },
          "Waza4": {
            "WazaId": 101,
            "PointUp": 0
          },
          "GemType": 1,
          "Seikaku": 0,
          "Tokusei": 1,
          "TalentType": 1,
          "TalentValue": {
            "HP": 0,
            "ATK": 0,
            "DEF": 0,
            "SPA": 0,
            "SPD": 0,
            "SPE": 0
          },
          "TalentVnum": 4,
          "EffortValue": {
            "HP": 0,
            "ATK": 0,
            "DEF": 0,
            "SPA": 0,
            "SPD": 0,
            "SPE": 0
          },
          "RareType": 0,
          "ScaleType": 0,
          "ScaleValue": 0
        },
        "BossPokeSize": {
          "HeightType": 1,
          "HeightValue": 1,
          "WeightType": 2,
          "WeightValue": 1,
          "ScaleType": 4,
          "ScaleValue": 1
        },
        "BossDesc": {
          "HpCoef": 2000,
          "PowerChargeTrigerHp": 55,
          "PowerChargeTrigerTime": 40,
          "PowerChargeLimitTime": 9999,
          "PowerChargeCancelDamage": 25,
          "PowerChargePenaltyTime": 0,
          "PowerChargePenaltyAction": 0,
          "PowerChargeDamageRate": 20,
          "PowerChargeGemDamageRate": 80,
          "PowerChargeChangeGemDamageRate": 40,
          "ExtraAction1": {
            "Timming": 1,
            "Action": 3,
            "Value": 85,
            "Wazano": 122
          },
          "ExtraAction2": {
            "Timming": 2,
            "Action": 3,
            "Value": 75,
            "Wazano": 109
          },
          "ExtraAction3": {
            "Timming": 2,
            "Action": 1,
            "Value": 50,
            "Wazano": 0
          },
          "ExtraAction4": {
            "Timming": 2,
            "Action": 4,
            "Value": 40,
            "Wazano": 0
          },
          "ExtraAction5": {
            "Timming": 2,
            "Action": 2,
            "Value": 25,
            "Wazano": 0
          },
          "ExtraAction6": {
            "Timming": 0,
            "Action": 0,
            "Value": 0,
            "Wazano": 0
          },
          "DoubleActionTriggerHp": 0,
          "DoubleActionTriggerTime": 0,
          "DoubleActionRate": 0
        },
        "RaidTimeData": {
          "IsActive": false,
          "GameLimit": 300,
          "ClientLimit": 0,
          "CommandLimit": 0,
          "PokeReviveTime": 0,
          "AiIntervalTime": 0,
          "AiIntervalRand": 0
        }
      }
    },
    {
      "RaidEnemyInfo": {
        "RomVer": 0,
        "No": 2022123004,
        "DeliveryGroupID": 2,
        "Difficulty": 4,
        "Rate": 2,
        "DropTableFix": 16116370272167935796,
        "DropTableRandom": 16116370272167935796,
        "CaptureRate": 1,
        "CaptureLv": 45,
        "BossPokePara": {
          "DevId": 130,
          "FormId": 0,
          "Sex": 0,
          "Item": 0,
          "Level": 45,
          "BallId": 0,
          "WazaType": 1,
          "Waza1": {
            "WazaId": 401,
            "PointUp": 0
          },
          "Waza2": {
            "WazaId": 349,
            "PointUp": 0
          },
          "Waza3": {
            "WazaId": 127,
            "PointUp": 0
          },
          "Waza4": {
            "WazaId": 44,
            "PointUp": 0
          },
          "GemType": 1,
          "Seikaku": 0,
          "Tokusei": 1,
          "TalentType": 1,
          "TalentValue": {
            "HP": 0,
            "ATK": 0,
            "DEF": 0,
            "SPA": 0,
            "SPD": 0,
            "SPE": 0
          },
          "TalentVnum": 3,
          "EffortValue": {
            "HP": 0,
            "ATK": 0,
            "DEF": 0,
            "SPA": 0,
            "SPD": 0,
            "SPE": 0
          },
          "RareType": 0,
          "ScaleType": 0,
          "ScaleValue": 0
        },
        "BossPokeSize": {
          "HeightType": 1,
          "HeightValue": 1,
          "WeightType": 2,
          "WeightValue": 1,
          "ScaleType": 4,
          "ScaleValue": 1
        },
        "BossDesc": {
          "HpCoef": 1200,
          "PowerChargeTrigerHp": 50,
          "PowerChargeTrigerTime": 35,
          "PowerChargeLimitTime": 9999,
          "PowerChargeCancelDamage": 20,
          "PowerChargePenaltyTime": 0,
          "PowerChargePenaltyAction": 0,
          "PowerChargeDamageRate": 20,
          "PowerChargeGemDamageRate": 0,
          "PowerChargeChangeGemDamageRate": 0,
          "ExtraAction1": {
            "Timming": 1,
            "Action": 3,
            "Value": 80,
            "Wazano": 349
          },
          "ExtraAction2": {
            "Timming": 2,
            "Action": 1,
            "Value": 75,
            "Wazano": 0
          },
          "ExtraAction3": {
            "Timming": 1,
            "Action": 2,
            "Value": 35,
            "Wazano": 0
          },
          "ExtraAction4": {
            "Timming": 0,
            "Action": 0,
            "Value": 0,
            "Wazano": 0
          },
          "ExtraAction5": {
            "Timming": 0,
            "Action": 0,
            "Value": 0,
            "Wazano": 0
          },
          "ExtraAction6": {
            "Timming": 0,
            "Action": 0,
            "Value": 0,
            "Wazano": 0
          },
          "DoubleActionTriggerHp": 0,
          "DoubleActionTriggerTime": 0,
          "DoubleActionRate": 0
        },
        "RaidTimeData": {
          "IsActive": false,
          "GameLimit": 300,
          "ClientLimit": 0,
          "CommandLimit": 0,
          "PokeReviveTime": 0,
          "AiIntervalTime": 0,
          "AiIntervalRand": 0
        }
      }
    },
    {
      "RaidEnemyInfo": {
        "RomVer": 0,
        "No": 2022123005,
        "DeliveryGroupID": 2,
        "Difficulty": 5,
        "Rate": 1,
        "DropTableFix": 16116371371679564007,
        "DropTableRandom": 16116371371679564007,
        "CaptureRate": 1,
        "CaptureLv": 75,
        "BossPokePara": {
          "DevId": 130,
          "FormId": 0,
          "Sex": 0,
          "Item": 0,
          "Level": 75,
          "BallId": 0,
          "WazaType": 1,
          "Waza1": {
            "WazaId": 56,
            "PointUp": 0
          },
          "Waza2": {
            "WazaId": 349,
            "PointUp": 0
          },
          "Waza3": {
            "WazaId": 401,
            "PointUp": 0
          },
          "Waza4": {
            "WazaId": 542,
            "PointUp": 0
          },
          "GemType": 1,
          "Seikaku": 0,
          "Tokusei": 1,
          "TalentType": 1,
          "TalentValue": {
            "HP": 0,
            "ATK": 0,
            "DEF": 0,
            "SPA": 0,
            "SPD": 0,
            "SPE": 0
          },
          "TalentVnum": 4,
          "EffortValue": {
            "HP": 0,
            "ATK": 0,
            "DEF": 0,
            "SPA": 0,
            "SPD": 0,
            "SPE": 0
          },
          "RareType": 0,
          "ScaleType": 0,
          "ScaleValue": 0
        },
        "BossPokeSize": {
          "HeightType": 1,
          "HeightValue": 1,
          "WeightType": 2,
          "WeightValue": 1,
          "ScaleType": 4,
          "ScaleValue": 1
        },
        "BossDesc": {
          "HpCoef": 2000,
          "PowerChargeTrigerHp": 55,
          "PowerChargeTrigerTime": 40,
          "PowerChargeLimitTime": 9999,
          "PowerChargeCancelDamage": 25,
          "PowerChargePenaltyTime": 0,
          "PowerChargePenaltyAction": 0,
          "PowerChargeDamageRate": 20,
          "PowerChargeGemDamageRate": 80,
          "PowerChargeChangeGemDamageRate": 40,
          "ExtraAction1": {
            "Timming": 1,
            "Action": 3,
            "Value": 85,
            "Wazano": 349
          },
          "ExtraAction2": {
            "Timming": 2,
            "Action": 3,
            "Value": 75,
            "Wazano": 240
          },
          "ExtraAction3": {
            "Timming": 2,
            "Action": 1,
            "Value": 50,
            "Wazano": 0
          },
          "ExtraAction4": {
            "Timming": 2,
            "Action": 4,
            "Value": 40,
            "Wazano": 0
          },
          "ExtraAction5": {
            "Timming": 2,
            "Action": 2,
            "Value": 25,
            "Wazano": 0
          },
          "ExtraAction6": {
            "Timming": 0,
            "Action": 0,
            "Value": 0,
            "Wazano": 0
          },
          "DoubleActionTriggerHp": 0,
          "DoubleActionTriggerTime": 0,
          "DoubleActionRate": 0
        },
        "RaidTimeData": {
          "IsActive": false,
          "GameLimit": 300,
          "ClientLimit": 0,
          "CommandLimit": 0,
          "PokeReviveTime": 0,
          "AiIntervalTime": 0,
          "AiIntervalRand": 0
        }
      }
    },
    {
      "RaidEnemyInfo": {
        "RomVer": 0,
        "No": 2022123006,
        "DeliveryGroupID": 2,
        "Difficulty": 5,
        "Rate": 1,
        "DropTableFix": 16116371371679564007,
        "DropTableRandom": 16116371371679564007,
        "CaptureRate": 1,
        "CaptureLv": 75,
        "BossPokePara": {
          "DevId": 94,
          "FormId": 0,
          "Sex": 0,
          "Item": 0,
          "Level": 75,
          "BallId": 0,
          "WazaType": 1,
          "Waza1": {
            "WazaId": 247,
            "PointUp": 0
          },
          "Waza2": {
            "WazaId": 499,
            "PointUp": 0
          },
          "Waza3": {
            "WazaId": 188,
            "PointUp": 0
          },
          "Waza4": {
            "WazaId": 101,
            "PointUp": 0
          },
          "GemType": 15,
          "Seikaku": 0,
          "Tokusei": 1,
          "TalentType": 1,
          "TalentValue": {
            "HP": 0,
            "ATK": 0,
            "DEF": 0,
            "SPA": 0,
            "SPD": 0,
            "SPE": 0
          },
          "TalentVnum": 4,
          "EffortValue": {
            "HP": 0,
            "ATK": 0,
            "DEF": 0,
            "SPA": 0,
            "SPD": 0,
            "SPE": 0
          },
          "RareType": 0,
          "ScaleType": 0,
          "ScaleValue": 0
        },
        "BossPokeSize": {
          "HeightType": 1,
          "HeightValue": 1,
          "WeightType": 2,
          "WeightValue": 1,
          "ScaleType": 4,
          "ScaleValue": 1
        },
        "BossDesc": {
          "HpCoef": 2000,
          "PowerChargeTrigerHp": 55,
          "PowerChargeTrigerTime": 40,
          "PowerChargeLimitTime": 9999,
          "PowerChargeCancelDamage": 25,
          "PowerChargePenaltyTime": 0,
          "PowerChargePenaltyAction": 0,
          "PowerChargeDamageRate": 20,
          "PowerChargeGemDamageRate": 80,
          "PowerChargeChangeGemDamageRate": 40,
          "ExtraAction1": {
            "Timming": 1,
            "Action": 3,
            "Value": 85,
            "Wazano": 122
          },
          "ExtraAction2": {
            "Timming": 2,
            "Action": 3,
            "Value": 75,
            "Wazano": 109
          },
          "ExtraAction3": {
            "Timming": 2,
            "Action": 1,
            "Value": 50,
            "Wazano": 0
          },
          "ExtraAction4": {
            "Timming": 2,
            "Action": 4,
            "Value": 40,
            "Wazano": 0
          },
          "ExtraAction5": {
            "Timming": 2,
            "Action": 2,
            "Value": 25,
            "Wazano": 0
          },
          "ExtraAction6": {
            "Timming": 0,
            "Action": 0,
            "Value": 0,
            "Wazano": 0
          },
          "DoubleActionTriggerHp": 0,
          "DoubleActionTriggerTime": 0,
          "DoubleActionRate": 0
        },
        "RaidTimeData": {
          "IsActive": false,
          "GameLimit": 300,
          "ClientLimit": 0,
          "CommandLimit": 0,
          "PokeReviveTime": 0,
          "AiIntervalTime": 0,
          "AiIntervalRand": 0
        }
      }
    },
    {
      "RaidEnemyInfo": {
        "RomVer": 0,
        "No": 2022123007,
        "DeliveryGroupID": 2,
        "Difficulty": 5,
        "Rate": 1,
        "DropTableFix": 16116371371679564007,
        "DropTableRandom": 16116371371679564007,
        "CaptureRate": 1,
        "CaptureLv": 75,
        "BossPokePara": {
          "DevId": 130,
          "FormId": 0,
          "Sex": 0,
          "Item": 0,
          "Level": 75,
          "BallId": 0,
          "WazaType": 1,
          "Waza1": {
            "WazaId": 56,
            "PointUp": 0
          },
          "Waza2": {
            "WazaId": 349,
            "PointUp": 0
          },
          "Waza3": {
            "WazaId": 401,
            "PointUp": 0
          },
          "Waza4": {
            "WazaId": 542,
            "PointUp": 0
          },
          "GemType": 4,
          "Seikaku": 0,
          "Tokusei": 2,
          "TalentType": 1,
          "TalentValue": {
            "HP": 0,
            "ATK": 0,
            "DEF": 0,
            "SPA": 0,
            "SPD": 0,
            "SPE": 0
          },
          "TalentVnum": 4,
          "EffortValue": {
            "HP": 0,
            "ATK": 0,
            "DEF": 0,
            "SPA": 0,
            "SPD": 0,
            "SPE": 0
          },
          "RareType": 0,
          "ScaleType": 0,
          "ScaleValue": 0
        },
        "BossPokeSize": {
          "HeightType": 1,
          "HeightValue": 1,
          "WeightType": 2,
          "WeightValue": 1,
          "ScaleType": 4,
          "ScaleValue": 1
        },
        "BossDesc": {
          "HpCoef": 2000,
          "PowerChargeTrigerHp": 55,
          "PowerChargeTrigerTime": 40,
          "PowerChargeLimitTime": 9999,
          "PowerChargeCancelDamage": 25,
          "PowerChargePenaltyTime": 0,
          "PowerChargePenaltyAction": 0,
          "PowerChargeDamageRate": 20,
          "PowerChargeGemDamageRate": 80,
          "PowerChargeChangeGemDamageRate": 40,
          "ExtraAction1": {
            "Timming": 1,
            "Action": 3,
            "Value": 85,
            "Wazano": 349
          },
          "ExtraAction2": {
            "Timming": 2,
            "Action": 3,
            "Value": 75,
            "Wazano": 240
          },
          "ExtraAction3": {
            "Timming": 2,
            "Action": 1,
            "Value": 50,
            "Wazano": 0
          },
          "ExtraAction4": {
            "Timming": 2,
            "Action": 4,
            "Value": 40,
            "Wazano": 0
          },
          "ExtraAction5": {
            "Timming": 2,
            "Action": 2,
            "Value": 25,
            "Wazano": 0
          },
          "ExtraAction6": {
            "Timming": 0,
            "Action": 0,
            "Value": 0,
            "Wazano": 0
          },
          "DoubleActionTriggerHp": 0,
          "DoubleActionTriggerTime": 0,
          "DoubleActionRate": 0
        },
        "RaidTimeData": {
          "IsActive": false,
          "GameLimit": 300,
          "ClientLimit": 0,
          "CommandLimit": 0,
          "PokeReviveTime": 0,
          "AiIntervalTime": 0,
          "AiIntervalRand": 0
        }
      }
    }
  ]
}