{
  "Table": [
    {
      "RaidEnemyInfo": {
        "RomVer": 0,
        "No": 2022112501,
        "DeliveryGroupID": 1,
        "Difficulty": 1,
        "Rate": 2,
        "DropTableFix": 9208931882063756242,
        "DropTableRandom": 9208931882063756242,
        "CaptureRate": 1,
        "CaptureLv": 12,
        "BossPokePara": {
          "DevId": 133,
          "FormId": 0,
          "Sex": 0,
          "Item": 0,
          "Level": 12,
          "BallId": 0,
          "WazaType": 1,
          "Waza1": {
            "WazaId": 33,
            "PointUp": 0
          },
          "Waza2": {
            "WazaId": 39,
            "PointUp": 0
          },
          "Waza3": {
            "WazaId": 28,
            "PointUp": 0
          },
          "Waza4": {
            "WazaId": 98,
            "PointUp": 0
          },
          "GemType": 1,
          "Seikaku": 0,
          "Tokusei": 0,
          "TalentType": 1,
          "TalentValue": {
            "HP": 0,
            "ATK": 0,
            "DEF": 0,
            "SPA": 0,
            "SPD": 0,
            "SPE": 0
          },
          "TalentVnum": 1,
          "EffortValue": {
            "HP": 0,
            "ATK": 0,
            "DEF": 0,
            "SPA": 0,
            "SPD": 0,
            "SPE": 0
          },
          "RareType": 0,
          "ScaleType": 0,
          "ScaleValue": 0
        },
        "BossPokeSize": {
          "HeightType": 1,
          "HeightValue": 1,
          "WeightType": 2,
          "WeightValue": 1,
          "ScaleType": 4,
          "ScaleValue": 1
        },
        "BossDesc": {
          "HpCoef": 500,
          "PowerChargeTrigerHp": 0,
          "PowerChargeTrigerTime": 0,
          "PowerChargeLimitTime": 9999,
          "PowerChargeCancelDamage": 0,
          "PowerChargePenaltyTime": 0,
          "PowerChargePenaltyAction": 0,
          "PowerChargeDamageRate": 20,
          "PowerChargeGemDamageRate": 0,
          "PowerChargeChangeGemDamageRate": 0,
          "ExtraAction1": {
            "Timming": 0,
            "Action": 0,
            "Value": 0,
            "Wazano": 0
          },
          "ExtraAction2": {
            "Timming": 0,
            "Action": 0,
            "Value": 0,
            "Wazano": 0
          },
          "ExtraAction3": {
            "Timming": 0,
            "Action": 0,
            "Value": 0,
            "Wazano": 0
          },
          "ExtraAction4": {
            "Timming": 0,
            "Action": 0,
            "Value": 0,
            "Wazano": 0
          },
          "ExtraAction5": {
            "Timming": 0,
            "Action": 0,
            "Value": 0,
            "Wazano": 0
          },
          "ExtraAction6": {
            "Timming": 0,
            "Action": 0,
            "Value": 0,
            "Wazano": 0
          },
          "DoubleActionTriggerHp": 0,
          "DoubleActionTriggerTime": 0,
          "DoubleActionRate": 0
        },
        "RaidTimeData": {
          "IsActive": false,
          "GameLimit": 300,
          "ClientLimit": 0,
          "CommandLimit": 0,
          "PokeReviveTime": 0,
          "AiIntervalTime": 0,
          "AiIntervalRand": 0
        }
      }
    },
    {
      "RaidEnemyInfo": {
        "RomVer": 0,
        "No": 2022112502,
        "DeliveryGroupID": 1,
        "Difficulty": 2,
        "Rate": 2,
        "DropTableFix": 9208930782552128031,
        "DropTableRandom": 9208930782552128031,
        "CaptureRate": 1,
        "CaptureLv": 20,
        "BossPokePara": {
          "DevId": 133,
          "FormId": 0,
          "Sex": 0,
          "Item": 0,
          "Level": 20,
          "BallId": 0,
          "WazaType": 1,
          "Waza1": {
            "WazaId": 129,
            "PointUp": 0
          },
          "Waza2": {
            "WazaId": 608,
            "PointUp": 0
          },
          "Waza3": {
            "WazaId": 98,
            "PointUp": 0
          },
          "Waza4": {
            "WazaId": 33,
            "PointUp": 0
          },
          "GemType": 1,
          "Seikaku": 0,
          "Tokusei": 0,
          "TalentType": 1,
          "TalentValue": {
            "HP": 0,
            "ATK": 0,
            "DEF": 0,
            "SPA": 0,
            "SPD": 0,
            "SPE": 0
          },
          "TalentVnum": 1,
          "EffortValue": {
            "HP": 0,
            "ATK": 0,
            "DEF": 0,
            "SPA": 0,
            "SPD": 0,
            "SPE": 0
          },
          "RareType": 0,
          "ScaleType": 0,
          "ScaleValue": 0
        },
        "BossPokeSize": {
          "HeightType": 1,
          "HeightValue": 1,
          "WeightType": 2,
          "WeightValue": 1,
          "ScaleType": 4,
          "ScaleValue": 1
        },
        "BossDesc": {
          "HpCoef": 500,
          "PowerChargeTrigerHp": 0,
          "PowerChargeTrigerTime": 0,
          "PowerChargeLimitTime": 9999,
          "PowerChargeCancelDamage": 0,
          "PowerChargePenaltyTime": 0,
          "PowerChargePenaltyAction": 0,
          "PowerChargeDamageRate": 20,
          "PowerChargeGemDamageRate": 0,
          "PowerChargeChangeGemDamageRate": 0,
          "ExtraAction1": {
            "Timming": 0,
            "Action": 0,
            "Value": 0,
            "Wazano": 0
          },
          "ExtraAction2": {
            "Timming": 0,
            "Action": 0,
            "Value": 0,
            "Wazano": 0
          },
          "ExtraAction3": {
            "Timming": 0,
            "Action": 0,
            "Value": 0,
            "Wazano": 0
          },
          "ExtraAction4": {
            "Timming": 0,
            "Action": 0,
            "Value": 0,
            "Wazano": 0
          },
          "ExtraAction5": {
            "Timming": 0,
            "Action": 0,
            "Value": 0,
            "Wazano": 0
          },
          "ExtraAction6": {
            "Timming": 0,
            "Action": 0,
            "Value": 0,
            "Wazano": 0
          },
          "DoubleActionTriggerHp": 0,
          "DoubleActionTriggerTime": 0,
          "DoubleActionRate": 0
        },
        "RaidTimeData": {
          "IsActive": false,
          "GameLimit": 300,
          "ClientLimit": 0,
          "CommandLimit": 0,
          "PokeReviveTime": 0,
          "AiIntervalTime": 0,
          "AiIntervalRand": 0
        }
      }
    },
    {
      "RaidEnemyInfo": {
        "RomVer": 0,
        "No": 2022112503,
        "DeliveryGroupID": 1,
        "Difficulty": 3,
        "Rate": 2,
        "DropTableFix": 9208929683040499820,
        "DropTableRandom": 9208929683040499820,
        "CaptureRate": 1,
        "CaptureLv": 35,
        "BossPokePara": {
          "DevId": 133,
          "FormId": 0,
          "Sex": 0,
          "Item": 0,
          "Level": 35,
          "BallId": 0,
          "WazaType": 1,
          "Waza1": {
            "WazaId": 44,
            "PointUp": 0
          },
          "Waza2": {
            "WazaId": 129,
            "PointUp": 0
          },
          "Waza3": {
            "WazaId": 608,
            "PointUp": 0
          },
          "Waza4": {
            "WazaId": 98,
            "PointUp": 0
          },
          "GemType": 1,
          "Seikaku": 0,
          "Tokusei": 1,
          "TalentType": 1,
          "TalentValue": {
            "HP": 0,
            "ATK": 0,
            "DEF": 0,
            "SPA": 0,
            "SPD": 0,
            "SPE": 0
          },
          "TalentVnum": 2,
          "EffortValue": {
            "HP": 0,
            "ATK": 0,
            "DEF": 0,
            "SPA": 0,
            "SPD": 0,
            "SPE": 0
          },
          "RareType": 0,
          "ScaleType": 0,
          "ScaleValue": 0
        },
        "BossPokeSize": {
          "HeightType": 1,
          "HeightValue": 1,
          "WeightType": 2,
          "WeightValue": 1,
          "ScaleType": 4,
          "ScaleValue": 1
        },
        "BossDesc": {
          "HpCoef": 800,
          "PowerChargeTrigerHp": 0,
          "PowerChargeTrigerTime": 0,
          "PowerChargeLimitTime": 9999,
          "PowerChargeCancelDamage": 0,
          "PowerChargePenaltyTime": 0,
          "PowerChargePenaltyAction": 0,
          "PowerChargeDamageRate": 20,
          "PowerChargeGemDamageRate": 0,
          "PowerChargeChangeGemDamageRate": 0,
          "ExtraAction1": {
            "Timming": 2,
            "Action": 1,
            "Value": 60,
            "Wazano": 0
          },
          "ExtraAction2": {
            "Timming": 0,
            "Action": 0,
            "Value": 0,
            "Wazano": 0
          },
          "ExtraAction3": {
            "Timming": 0,
            "Action": 0,
            "Value": 0,
            "Wazano": 0
          },
          "ExtraAction4": {
            "Timming": 0,
            "Action": 0,
            "Value": 0,
            "Wazano": 0
          },
          "ExtraAction5": {
            "Timming": 0,
            "Action": 0,
            "Value": 0,
            "Wazano": 0
          },
          "ExtraAction6": {
            "Timming": 0,
            "Action": 0,
            "Value": 0,
            "Wazano": 0
          },
          "DoubleActionTriggerHp": 0,
          "DoubleActionTriggerTime": 0,
          "DoubleActionRate": 0
        },
        "RaidTimeData": {
          "IsActive": false,
          "GameLimit": 300,
          "ClientLimit": 0,
          "CommandLimit": 0,
          "PokeReviveTime": 0,
          "AiIntervalTime": 0,
          "AiIntervalRand": 0
        }
      }
    },
    {
      "RaidEnemyInfo": {
        "RomVer": 0,
        "No": 2022112504,
        "DeliveryGroupID": 1,
        "Difficulty": 4,
        "Rate": 2,
        "DropTableFix": 9208928583528871609,
        "DropTableRandom": 9208928583528871609,
        "CaptureRate": 1,
        "CaptureLv": 45,
        "BossPokePara": {
          "DevId": 133,
          "FormId": 0,
          "Sex": 0,
          "Item": 0,
          "Level": 45,
          "BallId": 0,
          "WazaType": 1,
          "Waza1": {
            "WazaId": 204,
            "PointUp": 0
          },
          "Waza2": {
            "WazaId": 347,
            "PointUp": 0
          },
          "Waza3": {
            "WazaId": 44,
            "PointUp": 0
          },
          "Waza4": {
            "WazaId": 129,
            "PointUp": 0
          },
          "GemType": 1,
          "Seikaku": 0,
          "Tokusei": 1,
          "TalentType": 1,
          "TalentValue": {
            "HP": 0,
            "ATK": 0,
            "DEF": 0,
            "SPA": 0,
            "SPD": 0,
            "SPE": 0
          },
          "TalentVnum": 3,
          "EffortValue": {
            "HP": 0,
            "ATK": 0,
            "DEF": 0,
            "SPA": 0,
            "SPD": 0,
            "SPE": 0
          },
          "RareType": 0,
          "ScaleType": 0,
          "ScaleValue": 0
        },
        "BossPokeSize": {
          "HeightType": 1,
          "HeightValue": 1,
          "WeightType": 2,
          "WeightValue": 1,
          "ScaleType": 4,
          "ScaleValue": 1
        },
        "BossDesc": {
          "HpCoef": 1500,
          "PowerChargeTrigerHp": 50,
          "PowerChargeTrigerTime": 35,
          "PowerChargeLimitTime": 9999,
          "PowerChargeCancelDamage": 20,
          "PowerChargePenaltyTime": 0,
          "PowerChargePenaltyAction": 0,
          "PowerChargeDamageRate": 20,
          "PowerChargeGemDamageRate": 0,
          "PowerChargeChangeGemDamageRate": 0,
          "ExtraAction1": {
            "Timming": 1,
            "Action": 3,
            "Value": 80,
            "Wazano": 98
          },
          "ExtraAction2": {
            "Timming": 2,
            "Action": 1,
            "Value": 75,
            "Wazano": 0
          },
          "ExtraAction3": {
            "Timming": 1,
            "Action": 2,
            "Value": 40,
            "Wazano": 0
          },
          "ExtraAction4": {
            "Timming": 0,
            "Action": 0,
            "Value": 0,
            "Wazano": 0
          },
          "ExtraAction5": {
            "Timming": 0,
            "Action": 0,
            "Value": 0,
            "Wazano": 0
          },
          "ExtraAction6": {
            "Timming": 0,
            "Action": 0,
            "Value": 0,
            "Wazano": 0
          },
          "DoubleActionTriggerHp": 0,
          "DoubleActionTriggerTime": 0,
          "DoubleActionRate": 0
        },
        "RaidTimeData": {
          "IsActive": false,
          "GameLimit": 300,
          "ClientLimit": 0,
          "CommandLimit": 0,
          "PokeReviveTime": 0,
          "AiIntervalTime": 0,
          "AiIntervalRand": 0
        }
      }
    },
    {
      "RaidEnemyInfo": {
        "RomVer": 0,
        "No": 2022112505,
        "DeliveryGroupID": 1,
        "Difficulty": 5,
        "Rate": 1,
        "DropTableFix": 9208927484017243398,
        "DropTableRandom": 9208927484017243398,
        "CaptureRate": 1,
        "CaptureLv": 75,
        "BossPokePara": {
          "DevId": 133,
          "FormId": 0,
          "Sex": 0,
          "Item": 0,
          "Level": 75,
          "BallId": 0,
          "WazaType": 1,
          "Waza1": {
            "WazaId": 304,
            "PointUp": 0
          },
          "Waza2": {
            "WazaId": 851,
            "PointUp": 0
          },
          "Waza3": {
            "WazaId": 44,
            "PointUp": 0
          },
          "Waza4": {
            "WazaId": 129,
            "PointUp": 0
          },
          "GemType": 1,
          "Seikaku": 0,
          "Tokusei": 0,
          "TalentType": 1,
          "TalentValue": {
            "HP": 0,
            "ATK": 0,
            "DEF": 0,
            "SPA": 0,
            "SPD": 0,
            "SPE": 0
          },
          "TalentVnum": 4,
          "EffortValue": {
            "HP": 0,
            "ATK": 0,
            "DEF": 0,
            "SPA": 0,
            "SPD": 0,
            "SPE": 0
          },
          "RareType": 0,
          "ScaleType": 0,
          "ScaleValue": 0
        },
        "BossPokeSize": {
          "HeightType": 1,
          "HeightValue": 1,
          "WeightType": 2,
          "WeightValue": 1,
          "ScaleType": 4,
          "ScaleValue": 1
        },
        "BossDesc": {
          "HpCoef": 2500,
          "PowerChargeTrigerHp": 55,
          "PowerChargeTrigerTime": 40,
          "PowerChargeLimitTime": 9999,
          "PowerChargeCancelDamage": 25,
          "PowerChargePenaltyTime": 0,
          "PowerChargePenaltyAction": 0,
          "PowerChargeDamageRate": 20,
          "PowerChargeGemDamageRate": 80,
          "PowerChargeChangeGemDamageRate": 40,
          "ExtraAction1": {
            "Timming": 1,
            "Action": 3,
            "Value": 85,
            "Wazano": 281
          },
          "ExtraAction2": {
            "Timming": 2,
            "Action": 2,
            "Value": 75,
            "Wazano": 0
          },
          "ExtraAction3": {
            "Timming": 2,
            "Action": 1,
            "Value": 50,
            "Wazano": 0
          },
          "ExtraAction4": {
            "Timming": 2,
            "Action": 4,
            "Value": 40,
            "Wazano": 0
          },
          "ExtraAction5": {
            "Timming": 2,
            "Action": 3,
            "Value": 25,
            "Wazano": 347
          },
          "ExtraAction6": {
            "Timming": 0,
            "Action": 0,
            "Value": 0,
            "Wazano": 0
          },
          "DoubleActionTriggerHp": 0,
          "DoubleActionTriggerTime": 0,
          "DoubleActionRate": 0
        },
        "RaidTimeData": {
          "IsActive": false,
          "GameLimit": 300,
          "ClientLimit": 0,
          "CommandLimit": 0,
          "PokeReviveTime": 0,
          "AiIntervalTime": 0,
          "AiIntervalRand": 0
        }
      }
    },
    {
      "RaidEnemyInfo": {
        "RomVer": 0,
        "No": 2022112506,
        "DeliveryGroupID": 1,
        "Difficulty": 5,
        "Rate": 1,
        "DropTableFix": 9208927484017243398,
        "DropTableRandom": 9208927484017243398,
        "CaptureRate": 1,
        "CaptureLv": 75,
        "BossPokePara": {
          "DevId": 133,
          "FormId": 0,
          "Sex": 0,
          "Item": 0,
          "Level": 75,
          "BallId": 0,
          "WazaType": 1,
          "Waza1": {
            "WazaId": 304,
            "PointUp": 0
          },
          "Waza2": {
            "WazaId": 851,
            "PointUp": 0
          },
          "Waza3": {
            "WazaId": 44,
            "PointUp": 0
          },
          "Waza4": {
            "WazaId": 129,
            "PointUp": 0
          },
          "GemType": 1,
          "Seikaku": 0,
          "Tokusei": 4,
          "TalentType": 1,
          "TalentValue": {
            "HP": 0,
            "ATK": 0,
            "DEF": 0,
            "SPA": 0,
            "SPD": 0,
            "SPE": 0
          },
          "TalentVnum": 4,
          "EffortValue": {
            "HP": 0,
            "ATK": 0,
            "DEF": 0,
            "SPA": 0,
            "SPD": 0,
            "SPE": 0
          },
          "RareType": 0,
          "ScaleType": 0,
          "ScaleValue": 0
        },
        "BossPokeSize": {
          "HeightType": 1,
          "HeightValue": 1,
          "WeightType": 2,
          "WeightValue": 1,
          "ScaleType": 4,
          "ScaleValue": 1
        },
        "BossDesc": {
          "HpCoef": 2500,
          "PowerChargeTrigerHp": 55,
          "PowerChargeTrigerTime": 40,
          "PowerChargeLimitTime": 9999,
          "PowerChargeCancelDamage": 25,
          "PowerChargePenaltyTime": 0,
          "PowerChargePenaltyAction": 0,
          "PowerChargeDamageRate": 20,
          "PowerChargeGemDamageRate": 80,
          "PowerChargeChangeGemDamageRate": 40,
          "ExtraAction1": {
            "Timming": 1,
            "Action": 3,
            "Value": 85,
            "Wazano": 281
          },
          "ExtraAction2": {
            "Timming": 2,
            "Action": 2,
            "Value": 75,
            "Wazano": 0
          },
          "ExtraAction3": {
            "Timming": 2,
            "Action": 1,
            "Value": 50,
            "Wazano": 0
          },
          "ExtraAction4": {
            "Timming": 2,
            "Action": 4,
            "Value": 40,
            "Wazano": 0
          },
          "ExtraAction5": {
            "Timming": 2,
            "Action": 3,
            "Value": 25,
            "Wazano": 347
          },
          "ExtraAction6": {
            "Timming": 0,
            "Action": 0,
            "Value": 0,
            "Wazano": 0
          },
          "DoubleActionTriggerHp": 0,
          "DoubleActionTriggerTime": 0,
          "DoubleActionRate": 0
        },
        "RaidTimeData": {
          "IsActive": false,
          "GameLimit": 300,
          "ClientLimit": 0,
          "CommandLimit": 0,
          "PokeReviveTime": 0,
          "AiIntervalTime": 0,
          "AiIntervalRand": 0
        }
      }
    }
  ]
}