{
  "Table": [
    {
      "RaidEnemyInfo": {
        "RomVer": 0,
        "No": 2023031701,
        "DeliveryGroupID": 1,
        "Difficulty": 7,
        "Rate": 1,
        "DropTableFix": 11184241816130028107,
        "DropTableRandom": 11184241816130028107,
        "CaptureRate": 2,
        "CaptureLv": 100,
        "BossPokePara": {
          "DevId": 724,
          "FormId": 0,
          "Sex": 1,
          "Item": 0,
          "Level": 100,
          "BallId": 0,
          "WazaType": 1,
          "Waza1": {
            "WazaId": 662,
            "PointUp": 0
          },
          "Waza2": {
            "WazaId": 413,
            "PointUp": 0
          },
          "Waza3": {
            "WazaId": 67,
            "PointUp": 0
          },
          "Waza4": {
            "WazaId": 348,
            "PointUp": 0
          },
          "GemType": 4,
          "Seikaku": 3,
          "Tokusei": 4,
          "TalentType": 2,
          "TalentValue": {
            "HP": 31,
            "ATK": 31,
            "DEF": 31,
            "SPA": 31,
            "SPD": 31,
            "SPE": 31
          },
          "TalentVnum": 0,
          "EffortValue": {
            "HP": 0,
            "ATK": 0,
            "DEF": 0,
            "SPA": 0,
            "SPD": 0,
            "SPE": 0
          },
          "RareType": 1,
          "ScaleType": 6,
          "ScaleValue": 128
        },
        "BossPokeSize": {
          "HeightType": 1,
          "HeightValue": 1,
          "WeightType": 2,
          "WeightValue": 1,
          "ScaleType": 4,
          "ScaleValue": 1
        },
        "BossDesc": {
          "HpCoef": 3000,
          "PowerChargeTrigerHp": 60,
          "PowerChargeTrigerTime": 80,
          "PowerChargeLimitTime": 9999,
          "PowerChargeCancelDamage": 40,
          "PowerChargePenaltyTime": 0,
          "PowerChargePenaltyAction": 0,
          "PowerChargeDamageRate": 20,
          "PowerChargeGemDamageRate": 70,
          "PowerChargeChangeGemDamageRate": 30,
          "ExtraAction1": {
            "Timming": 1,
            "Action": 2,
            "Value": 95,
            "Wazano": 0
          },
          "ExtraAction2": {
            "Timming": 1,
            "Action": 3,
            "Value": 94,
            "Wazano": 297
          },
          "ExtraAction3": {
            "Timming": 1,
            "Action": 1,
            "Value": 81,
            "Wazano": 0
          },
          "ExtraAction4": {
            "Timming": 1,
            "Action": 3,
            "Value": 80,
            "Wazano": 14
          },
          "ExtraAction5": {
            "Timming": 2,
            "Action": 3,
            "Value": 60,
            "Wazano": 314
          },
          "ExtraAction6": {
            "Timming": 2,
            "Action": 3,
            "Value": 60,
            "Wazano": 314
          },
          "DoubleActionTriggerHp": 59,
          "DoubleActionTriggerTime": 59,
          "DoubleActionRate": 100
        },
        "RaidTimeData": {
          "IsActive": true,
          "GameLimit": 450,
          "ClientLimit": 0,
          "CommandLimit": 60,
          "PokeReviveTime": 0,
          "AiIntervalTime": 0,
          "AiIntervalRand": 0
        }
      }
    }
  ]
}