{
  "Table": [
    {
      "RaidEnemyInfo": {
        "RomVer": 0,
        "No": 2022122301,
        "DeliveryGroupID": 1,
        "Difficulty": 1,
        "Rate": 6,
        "DropTableFix": 3903166598745496497,
        "DropTableRandom": 3903166598745496497,
        "CaptureRate": 1,
        "CaptureLv": 12,
        "BossPokePara": {
          "DevId": 225,
          "FormId": 0,
          "Sex": 0,
          "Item": 0,
          "Level": 12,
          "BallId": 0,
          "WazaType": 1,
          "Waza1": {
            "WazaId": 217,
            "PointUp": 0
          },
          "Waza2": {
            "WazaId": 8,
            "PointUp": 0
          },
          "Waza3": {
            "WazaId": 129,
            "PointUp": 0
          },
          "Waza4": {
            "WazaId": 98,
            "PointUp": 0
          },
          "GemType": 1,
          "Seikaku": 0,
          "Tokusei": 0,
          "TalentType": 1,
          "TalentValue": {
            "HP": 0,
            "ATK": 0,
            "DEF": 0,
            "SPA": 0,
            "SPD": 0,
            "SPE": 0
          },
          "TalentVnum": 1,
          "EffortValue": {
            "HP": 0,
            "ATK": 0,
            "DEF": 0,
            "SPA": 0,
            "SPD": 0,
            "SPE": 0
          },
          "RareType": 0,
          "ScaleType": 0,
          "ScaleValue": 0
        },
        "BossPokeSize": {
          "HeightType": 1,
          "HeightValue": 1,
          "WeightType": 2,
          "WeightValue": 1,
          "ScaleType": 4,
          "ScaleValue": 1
        },
        "BossDesc": {
          "HpCoef": 500,
          "PowerChargeTrigerHp": 0,
          "PowerChargeTrigerTime": 0,
          "PowerChargeLimitTime": 9999,
          "PowerChargeCancelDamage": 0,
          "PowerChargePenaltyTime": 0,
          "PowerChargePenaltyAction": 0,
          "PowerChargeDamageRate": 20,
          "PowerChargeGemDamageRate": 0,
          "PowerChargeChangeGemDamageRate": 0,
          "ExtraAction1": {
            "Timming": 0,
            "Action": 0,
            "Value": 0,
            "Wazano": 0
          },
          "ExtraAction2": {
            "Timming": 0,
            "Action": 0,
            "Value": 0,
            "Wazano": 0
          },
          "ExtraAction3": {
            "Timming": 0,
            "Action": 0,
            "Value": 0,
            "Wazano": 0
          },
          "ExtraAction4": {
            "Timming": 0,
            "Action": 0,
            "Value": 0,
            "Wazano": 0
          },
          "ExtraAction5": {
            "Timming": 0,
            "Action": 0,
            "Value": 0,
            "Wazano": 0
          },
          "ExtraAction6": {
            "Timming": 0,
            "Action": 0,
            "Value": 0,
            "Wazano": 0
          },
          "DoubleActionTriggerHp": 0,
          "DoubleActionTriggerTime": 0,
          "DoubleActionRate": 0
        },
        "RaidTimeData": {
          "IsActive": false,
          "GameLimit": 300,
          "ClientLimit": 0,
          "CommandLimit": 0,
          "PokeReviveTime": 0,
          "AiIntervalTime": 0,
          "AiIntervalRand": 0
        }
      }
    },
    {
      "RaidEnemyInfo": {
        "RomVer": 0,
        "No": 2022122302,
        "DeliveryGroupID": 1,
        "Difficulty": 2,
        "Rate": 6,
        "DropTableFix": 3903163300210611864,
        "DropTableRandom": 3903163300210611864,
        "CaptureRate": 1,
        "CaptureLv": 20,
        "BossPokePara": {
          "DevId": 225,
          "FormId": 0,
          "Sex": 0,
          "Item": 0,
          "Level": 20,
          "BallId": 0,
          "WazaType": 1,
          "Waza1": {
            "WazaId": 217,
            "PointUp": 0
          },
          "Waza2": {
            "WazaId": 8,
            "PointUp": 0
          },
          "Waza3": {
            "WazaId": 129,
            "PointUp": 0
          },
          "Waza4": {
            "WazaId": 98,
            "PointUp": 0
          },
          "GemType": 1,
          "Seikaku": 0,
          "Tokusei": 0,
          "TalentType": 1,
          "TalentValue": {
            "HP": 0,
            "ATK": 0,
            "DEF": 0,
            "SPA": 0,
            "SPD": 0,
            "SPE": 0
          },
          "TalentVnum": 1,
          "EffortValue": {
            "HP": 0,
            "ATK": 0,
            "DEF": 0,
            "SPA": 0,
            "SPD": 0,
            "SPE": 0
          },
          "RareType": 0,
          "ScaleType": 0,
          "ScaleValue": 0
        },
        "BossPokeSize": {
          "HeightType": 1,
          "HeightValue": 1,
          "WeightType": 2,
          "WeightValue": 1,
          "ScaleType": 4,
          "ScaleValue": 1
        },
        "BossDesc": {
          "HpCoef": 500,
          "PowerChargeTrigerHp": 0,
          "PowerChargeTrigerTime": 0,
          "PowerChargeLimitTime": 9999,
          "PowerChargeCancelDamage": 0,
          "PowerChargePenaltyTime": 0,
          "PowerChargePenaltyAction": 0,
          "PowerChargeDamageRate": 20,
          "PowerChargeGemDamageRate": 0,
          "PowerChargeChangeGemDamageRate": 0,
          "ExtraAction1": {
            "Timming": 1,
            "Action": 3,
            "Value": 95,
            "Wazano": 217
          },
          "ExtraAction2": {
            "Timming": 0,
            "Action": 0,
            "Value": 0,
            "Wazano": 0
          },
          "ExtraAction3": {
            "Timming": 0,
            "Action": 0,
            "Value": 0,
            "Wazano": 0
          },
          "ExtraAction4": {
            "Timming": 0,
            "Action": 0,
            "Value": 0,
            "Wazano": 0
          },
          "ExtraAction5": {
            "Timming": 0,
            "Action": 0,
            "Value": 0,
            "Wazano": 0
          },
          "ExtraAction6": {
            "Timming": 0,
            "Action": 0,
            "Value": 0,
            "Wazano": 0
          },
          "DoubleActionTriggerHp": 0,
          "DoubleActionTriggerTime": 0,
          "DoubleActionRate": 0
        },
        "RaidTimeData": {
          "IsActive": false,
          "GameLimit": 300,
          "ClientLimit": 0,
          "CommandLimit": 0,
          "PokeReviveTime": 0,
          "AiIntervalTime": 0,
          "AiIntervalRand": 0
        }
      }
    },
    {
      "RaidEnemyInfo": {
        "RomVer": 0,
        "No": 2022122303,
        "DeliveryGroupID": 1,
        "Difficulty": 3,
        "Rate": 6,
        "DropTableFix": 3903164399722240075,
        "DropTableRandom": 3903164399722240075,
        "CaptureRate": 1,
        "CaptureLv": 35,
        "BossPokePara": {
          "DevId": 225,
          "FormId": 0,
          "Sex": 0,
          "Item": 0,
          "Level": 35,
          "BallId": 0,
          "WazaType": 1,
          "Waza1": {
            "WazaId": 217,
            "PointUp": 0
          },
          "Waza2": {
            "WazaId": 8,
            "PointUp": 0
          },
          "Waza3": {
            "WazaId": 129,
            "PointUp": 0
          },
          "Waza4": {
            "WazaId": 65,
            "PointUp": 0
          },
          "GemType": 1,
          "Seikaku": 0,
          "Tokusei": 1,
          "TalentType": 1,
          "TalentValue": {
            "HP": 0,
            "ATK": 0,
            "DEF": 0,
            "SPA": 0,
            "SPD": 0,
            "SPE": 0
          },
          "TalentVnum": 2,
          "EffortValue": {
            "HP": 0,
            "ATK": 0,
            "DEF": 0,
            "SPA": 0,
            "SPD": 0,
            "SPE": 0
          },
          "RareType": 0,
          "ScaleType": 0,
          "ScaleValue": 0
        },
        "BossPokeSize": {
          "HeightType": 1,
          "HeightValue": 1,
          "WeightType": 2,
          "WeightValue": 1,
          "ScaleType": 4,
          "ScaleValue": 1
        },
        "BossDesc": {
          "HpCoef": 800,
          "PowerChargeTrigerHp": 0,
          "PowerChargeTrigerTime": 0,
          "PowerChargeLimitTime": 9999,
          "PowerChargeCancelDamage": 0,
          "PowerChargePenaltyTime": 0,
          "PowerChargePenaltyAction": 0,
          "PowerChargeDamageRate": 20,
          "PowerChargeGemDamageRate": 0,
          "PowerChargeChangeGemDamageRate": 0,
          "ExtraAction1": {
            "Timming": 1,
            "Action": 3,
            "Value": 95,
            "Wazano": 217
          },
          "ExtraAction2": {
            "Timming": 0,
            "Action": 0,
            "Value": 0,
            "Wazano": 0
          },
          "ExtraAction3": {
            "Timming": 0,
            "Action": 0,
            "Value": 0,
            "Wazano": 0
          },
          "ExtraAction4": {
            "Timming": 0,
            "Action": 0,
            "Value": 0,
            "Wazano": 0
          },
          "ExtraAction5": {
            "Timming": 0,
            "Action": 0,
            "Value": 0,
            "Wazano": 0
          },
          "ExtraAction6": {
            "Timming": 0,
            "Action": 0,
            "Value": 0,
            "Wazano": 0
          },
          "DoubleActionTriggerHp": 0,
          "DoubleActionTriggerTime": 0,
          "DoubleActionRate": 0
        },
        "RaidTimeData": {
          "IsActive": false,
          "GameLimit": 300,
          "ClientLimit": 0,
          "CommandLimit": 0,
          "PokeReviveTime": 0,
          "AiIntervalTime": 0,
          "AiIntervalRand": 0
        }
      }
    },
    {
      "RaidEnemyInfo": {
        "RomVer": 0,
        "No": 2022122304,
        "DeliveryGroupID": 1,
        "Difficulty": 4,
        "Rate": 6,
        "DropTableFix": 3903169897280381130,
        "DropTableRandom": 3903169897280381130,
        "CaptureRate": 1,
        "CaptureLv": 45,
        "BossPokePara": {
          "DevId": 225,
          "FormId": 0,
          "Sex": 0,
          "Item": 0,
          "Level": 45,
          "BallId": 0,
          "WazaType": 1,
          "Waza1": {
            "WazaId": 217,
            "PointUp": 0
          },
          "Waza2": {
            "WazaId": 8,
            "PointUp": 0
          },
          "Waza3": {
            "WazaId": 129,
            "PointUp": 0
          },
          "Waza4": {
            "WazaId": 196,
            "PointUp": 0
          },
          "GemType": 1,
          "Seikaku": 0,
          "Tokusei": 1,
          "TalentType": 1,
          "TalentValue": {
            "HP": 0,
            "ATK": 0,
            "DEF": 0,
            "SPA": 0,
            "SPD": 0,
            "SPE": 0
          },
          "TalentVnum": 3,
          "EffortValue": {
            "HP": 0,
            "ATK": 0,
            "DEF": 0,
            "SPA": 0,
            "SPD": 0,
            "SPE": 0
          },
          "RareType": 0,
          "ScaleType": 0,
          "ScaleValue": 0
        },
        "BossPokeSize": {
          "HeightType": 1,
          "HeightValue": 1,
          "WeightType": 2,
          "WeightValue": 1,
          "ScaleType": 4,
          "ScaleValue": 1
        },
        "BossDesc": {
          "HpCoef": 1200,
          "PowerChargeTrigerHp": 50,
          "PowerChargeTrigerTime": 35,
          "PowerChargeLimitTime": 9999,
          "PowerChargeCancelDamage": 20,
          "PowerChargePenaltyTime": 0,
          "PowerChargePenaltyAction": 0,
          "PowerChargeDamageRate": 20,
          "PowerChargeGemDamageRate": 0,
          "PowerChargeChangeGemDamageRate": 0,
          "ExtraAction1": {
            "Timming": 1,
            "Action": 3,
            "Value": 95,
            "Wazano": 217
          },
          "ExtraAction2": {
            "Timming": 2,
            "Action": 1,
            "Value": 75,
            "Wazano": 0
          },
          "ExtraAction3": {
            "Timming": 1,
            "Action": 2,
            "Value": 35,
            "Wazano": 0
          },
          "ExtraAction4": {
            "Timming": 0,
            "Action": 0,
            "Value": 0,
            "Wazano": 0
          },
          "ExtraAction5": {
            "Timming": 0,
            "Action": 0,
            "Value": 0,
            "Wazano": 0
          },
          "ExtraAction6": {
            "Timming": 0,
            "Action": 0,
            "Value": 0,
            "Wazano": 0
          },
          "DoubleActionTriggerHp": 0,
          "DoubleActionTriggerTime": 0,
          "DoubleActionRate": 0
        },
        "RaidTimeData": {
          "IsActive": false,
          "GameLimit": 300,
          "ClientLimit": 0,
          "CommandLimit": 0,
          "PokeReviveTime": 0,
          "AiIntervalTime": 0,
          "AiIntervalRand": 0
        }
      }
    },
    {
      "RaidEnemyInfo": {
        "RomVer": 0,
        "No": 2022122305,
        "DeliveryGroupID": 1,
        "Difficulty": 5,
        "Rate": 1,
        "DropTableFix": 3903170996792009341,
        "DropTableRandom": 3903170996792009341,
        "CaptureRate": 1,
        "CaptureLv": 75,
        "BossPokePara": {
          "DevId": 225,
          "FormId": 0,
          "Sex": 0,
          "Item": 0,
          "Level": 75,
          "BallId": 0,
          "WazaType": 1,
          "Waza1": {
            "WazaId": 217,
            "PointUp": 0
          },
          "Waza2": {
            "WazaId": 59,
            "PointUp": 0
          },
          "Waza3": {
            "WazaId": 129,
            "PointUp": 0
          },
          "Waza4": {
            "WazaId": 403,
            "PointUp": 0
          },
          "GemType": 1,
          "Seikaku": 0,
          "Tokusei": 1,
          "TalentType": 1,
          "TalentValue": {
            "HP": 0,
            "ATK": 0,
            "DEF": 0,
            "SPA": 0,
            "SPD": 0,
            "SPE": 0
          },
          "TalentVnum": 4,
          "EffortValue": {
            "HP": 0,
            "ATK": 0,
            "DEF": 0,
            "SPA": 0,
            "SPD": 0,
            "SPE": 0
          },
          "RareType": 0,
          "ScaleType": 0,
          "ScaleValue": 0
        },
        "BossPokeSize": {
          "HeightType": 1,
          "HeightValue": 1,
          "WeightType": 2,
          "WeightValue": 1,
          "ScaleType": 4,
          "ScaleValue": 1
        },
        "BossDesc": {
          "HpCoef": 2500,
          "PowerChargeTrigerHp": 55,
          "PowerChargeTrigerTime": 40,
          "PowerChargeLimitTime": 9999,
          "PowerChargeCancelDamage": 25,
          "PowerChargePenaltyTime": 0,
          "PowerChargePenaltyAction": 0,
          "PowerChargeDamageRate": 20,
          "PowerChargeGemDamageRate": 80,
          "PowerChargeChangeGemDamageRate": 40,
          "ExtraAction1": {
            "Timming": 1,
            "Action": 3,
            "Value": 95,
            "Wazano": 217
          },
          "ExtraAction2": {
            "Timming": 2,
            "Action": 3,
            "Value": 75,
            "Wazano": 196
          },
          "ExtraAction3": {
            "Timming": 2,
            "Action": 1,
            "Value": 50,
            "Wazano": 0
          },
          "ExtraAction4": {
            "Timming": 2,
            "Action": 4,
            "Value": 40,
            "Wazano": 0
          },
          "ExtraAction5": {
            "Timming": 2,
            "Action": 2,
            "Value": 25,
            "Wazano": 0
          },
          "ExtraAction6": {
            "Timming": 0,
            "Action": 0,
            "Value": 0,
            "Wazano": 0
          },
          "DoubleActionTriggerHp": 0,
          "DoubleActionTriggerTime": 0,
          "DoubleActionRate": 0
        },
        "RaidTimeData": {
          "IsActive": false,
          "GameLimit": 300,
          "ClientLimit": 0,
          "CommandLimit": 0,
          "PokeReviveTime": 0,
          "AiIntervalTime": 0,
          "AiIntervalRand": 0
        }
      }
    },
    {
      "RaidEnemyInfo": {
        "RomVer": 0,
        "No": 2022122306,
        "DeliveryGroupID": 1,
        "Difficulty": 5,
        "Rate": 1,
        "DropTableFix": 3903167698257124708,
        "DropTableRandom": 3903167698257124708,
        "CaptureRate": 1,
        "CaptureLv": 75,
        "BossPokePara": {
          "DevId": 225,
          "FormId": 0,
          "Sex": 0,
          "Item": 0,
          "Level": 75,
          "BallId": 0,
          "WazaType": 1,
          "Waza1": {
            "WazaId": 217,
            "PointUp": 0
          },
          "Waza2": {
            "WazaId": 59,
            "PointUp": 0
          },
          "Waza3": {
            "WazaId": 129,
            "PointUp": 0
          },
          "Waza4": {
            "WazaId": 403,
            "PointUp": 0
          },
          "GemType": 1,
          "Seikaku": 0,
          "Tokusei": 1,
          "TalentType": 1,
          "TalentValue": {
            "HP": 0,
            "ATK": 0,
            "DEF": 0,
            "SPA": 0,
            "SPD": 0,
            "SPE": 0
          },
          "TalentVnum": 4,
          "EffortValue": {
            "HP": 0,
            "ATK": 0,
            "DEF": 0,
            "SPA": 0,
            "SPD": 0,
            "SPE": 0
          },
          "RareType": 0,
          "ScaleType": 0,
          "ScaleValue": 0
        },
        "BossPokeSize": {
          "HeightType": 1,
          "HeightValue": 1,
          "WeightType": 2,
          "WeightValue": 1,
          "ScaleType": 4,
          "ScaleValue": 1
        },
        "BossDesc": {
          "HpCoef": 2500,
          "PowerChargeTrigerHp": 55,
          "PowerChargeTrigerTime": 40,
          "PowerChargeLimitTime": 9999,
          "PowerChargeCancelDamage": 25,
          "PowerChargePenaltyTime": 0,
          "PowerChargePenaltyAction": 0,
          "PowerChargeDamageRate": 20,
          "PowerChargeGemDamageRate": 80,
          "PowerChargeChangeGemDamageRate": 40,
          "ExtraAction1": {
            "Timming": 1,
            "Action": 3,
            "Value": 95,
            "Wazano": 217
          },
          "ExtraAction2": {
            "Timming": 2,
            "Action": 3,
            "Value": 75,
            "Wazano": 196
          },
          "ExtraAction3": {
            "Timming": 2,
            "Action": 1,
            "Value": 50,
            "Wazano": 0
          },
          "ExtraAction4": {
            "Timming": 2,
            "Action": 4,
            "Value": 40,
            "Wazano": 0
          },
          "ExtraAction5": {
            "Timming": 2,
            "Action": 2,
            "Value": 25,
            "Wazano": 0
          },
          "ExtraAction6": {
            "Timming": 0,
            "Action": 0,
            "Value": 0,
            "Wazano": 0
          },
          "DoubleActionTriggerHp": 0,
          "DoubleActionTriggerTime": 0,
          "DoubleActionRate": 0
        },
        "RaidTimeData": {
          "IsActive": false,
          "GameLimit": 300,
          "ClientLimit": 0,
          "CommandLimit": 0,
          "PokeReviveTime": 0,
          "AiIntervalTime": 0,
          "AiIntervalRand": 0
        }
      }
    },
    {
      "RaidEnemyInfo": {
        "RomVer": 0,
        "No": 2022122307,
        "DeliveryGroupID": 1,
        "Difficulty": 5,
        "Rate": 1,
        "DropTableFix": 3903168797768752919,
        "DropTableRandom": 3903168797768752919,
        "CaptureRate": 1,
        "CaptureLv": 75,
        "BossPokePara": {
          "DevId": 225,
          "FormId": 0,
          "Sex": 0,
          "Item": 0,
          "Level": 75,
          "BallId": 0,
          "WazaType": 1,
          "Waza1": {
            "WazaId": 217,
            "PointUp": 0
          },
          "Waza2": {
            "WazaId": 59,
            "PointUp": 0
          },
          "Waza3": {
            "WazaId": 129,
            "PointUp": 0
          },
          "Waza4": {
            "WazaId": 403,
            "PointUp": 0
          },
          "GemType": 1,
          "Seikaku": 0,
          "Tokusei": 1,
          "TalentType": 1,
          "TalentValue": {
            "HP": 0,
            "ATK": 0,
            "DEF": 0,
            "SPA": 0,
            "SPD": 0,
            "SPE": 0
          },
          "TalentVnum": 4,
          "EffortValue": {
            "HP": 0,
            "ATK": 0,
            "DEF": 0,
            "SPA": 0,
            "SPD": 0,
            "SPE": 0
          },
          "RareType": 0,
          "ScaleType": 0,
          "ScaleValue": 0
        },
        "BossPokeSize": {
          "HeightType": 1,
          "HeightValue": 1,
          "WeightType": 2,
          "WeightValue": 1,
          "ScaleType": 4,
          "ScaleValue": 1
        },
        "BossDesc": {
          "HpCoef": 2500,
          "PowerChargeTrigerHp": 55,
          "PowerChargeTrigerTime": 40,
          "PowerChargeLimitTime": 9999,
          "PowerChargeCancelDamage": 25,
          "PowerChargePenaltyTime": 0,
          "PowerChargePenaltyAction": 0,
          "PowerChargeDamageRate": 20,
          "PowerChargeGemDamageRate": 80,
          "PowerChargeChangeGemDamageRate": 40,
          "ExtraAction1": {
            "Timming": 1,
            "Action": 3,
            "Value": 95,
            "Wazano": 217
          },
          "ExtraAction2": {
            "Timming": 2,
            "Action": 3,
            "Value": 75,
            "Wazano": 196
          },
          "ExtraAction3": {
            "Timming": 2,
            "Action": 1,
            "Value": 50,
            "Wazano": 0
          },
          "ExtraAction4": {
            "Timming": 2,
            "Action": 4,
            "Value": 40,
            "Wazano": 0
          },
          "ExtraAction5": {
            "Timming": 2,
            "Action": 2,
            "Value": 25,
            "Wazano": 0
          },
          "ExtraAction6": {
            "Timming": 0,
            "Action": 0,
            "Value": 0,
            "Wazano": 0
          },
          "DoubleActionTriggerHp": 0,
          "DoubleActionTriggerTime": 0,
          "DoubleActionRate": 0
        },
        "RaidTimeData": {
          "IsActive": false,
          "GameLimit": 300,
          "ClientLimit": 0,
          "CommandLimit": 0,
          "PokeReviveTime": 0,
          "AiIntervalTime": 0,
          "AiIntervalRand": 0
        }
      }
    },
    {
      "RaidEnemyInfo": {
        "RomVer": 0,
        "No": 2022122308,
        "DeliveryGroupID": 1,
        "Difficulty": 5,
        "Rate": 1,
        "DropTableFix": 3903156703140842598,
        "DropTableRandom": 3903156703140842598,
        "CaptureRate": 1,
        "CaptureLv": 75,
        "BossPokePara": {
          "DevId": 225,
          "FormId": 0,
          "Sex": 0,
          "Item": 0,
          "Level": 75,
          "BallId": 0,
          "WazaType": 1,
          "Waza1": {
            "WazaId": 217,
            "PointUp": 0
          },
          "Waza2": {
            "WazaId": 59,
            "PointUp": 0
          },
          "Waza3": {
            "WazaId": 129,
            "PointUp": 0
          },
          "Waza4": {
            "WazaId": 403,
            "PointUp": 0
          },
          "GemType": 1,
          "Seikaku": 0,
          "Tokusei": 1,
          "TalentType": 1,
          "TalentValue": {
            "HP": 0,
            "ATK": 0,
            "DEF": 0,
            "SPA": 0,
            "SPD": 0,
            "SPE": 0
          },
          "TalentVnum": 4,
          "EffortValue": {
            "HP": 0,
            "ATK": 0,
            "DEF": 0,
            "SPA": 0,
            "SPD": 0,
            "SPE": 0
          },
          "RareType": 0,
          "ScaleType": 0,
          "ScaleValue": 0
        },
        "BossPokeSize": {
          "HeightType": 1,
          "HeightValue": 1,
          "WeightType": 2,
          "WeightValue": 1,
          "ScaleType": 4,
          "ScaleValue": 1
        },
        "BossDesc": {
          "HpCoef": 2500,
          "PowerChargeTrigerHp": 55,
          "PowerChargeTrigerTime": 40,
          "PowerChargeLimitTime": 9999,
          "PowerChargeCancelDamage": 25,
          "PowerChargePenaltyTime": 0,
          "PowerChargePenaltyAction": 0,
          "PowerChargeDamageRate": 20,
          "PowerChargeGemDamageRate": 80,
          "PowerChargeChangeGemDamageRate": 40,
          "ExtraAction1": {
            "Timming": 1,
            "Action": 3,
            "Value": 95,
            "Wazano": 217
          },
          "ExtraAction2": {
            "Timming": 2,
            "Action": 3,
            "Value": 75,
            "Wazano": 196
          },
          "ExtraAction3": {
            "Timming": 2,
            "Action": 1,
            "Value": 50,
            "Wazano": 0
          },
          "ExtraAction4": {
            "Timming": 2,
            "Action": 4,
            "Value": 40,
            "Wazano": 0
          },
          "ExtraAction5": {
            "Timming": 2,
            "Action": 2,
            "Value": 25,
            "Wazano": 0
          },
          "ExtraAction6": {
            "Timming": 0,
            "Action": 0,
            "Value": 0,
            "Wazano": 0
          },
          "DoubleActionTriggerHp": 0,
          "DoubleActionTriggerTime": 0,
          "DoubleActionRate": 0
        },
        "RaidTimeData": {
          "IsActive": false,
          "GameLimit": 300,
          "ClientLimit": 0,
          "CommandLimit": 0,
          "PokeReviveTime": 0,
          "AiIntervalTime": 0,
          "AiIntervalRand": 0
        }
      }
    },
    {
      "RaidEnemyInfo": {
        "RomVer": 0,
        "No": 2022122309,
        "DeliveryGroupID": 1,
        "Difficulty": 5,
        "Rate": 1,
        "DropTableFix": 3903157802652470809,
        "DropTableRandom": 3903157802652470809,
        "CaptureRate": 1,
        "CaptureLv": 75,
        "BossPokePara": {
          "DevId": 225,
          "FormId": 0,
          "Sex": 0,
          "Item": 0,
          "Level": 75,
          "BallId": 0,
          "WazaType": 1,
          "Waza1": {
            "WazaId": 217,
            "PointUp": 0
          },
          "Waza2": {
            "WazaId": 59,
            "PointUp": 0
          },
          "Waza3": {
            "WazaId": 129,
            "PointUp": 0
          },
          "Waza4": {
            "WazaId": 403,
            "PointUp": 0
          },
          "GemType": 1,
          "Seikaku": 0,
          "Tokusei": 1,
          "TalentType": 1,
          "TalentValue": {
            "HP": 0,
            "ATK": 0,
            "DEF": 0,
            "SPA": 0,
            "SPD": 0,
            "SPE": 0
          },
          "TalentVnum": 4,
          "EffortValue": {
            "HP": 0,
            "ATK": 0,
            "DEF": 0,
            "SPA": 0,
            "SPD": 0,
            "SPE": 0
          },
          "RareType": 0,
          "ScaleType": 0,
          "ScaleValue": 0
        },
        "BossPokeSize": {
          "HeightType": 1,
          "HeightValue": 1,
          "WeightType": 2,
          "WeightValue": 1,
          "ScaleType": 4,
          "ScaleValue": 1
        },
        "BossDesc": {
          "HpCoef": 2500,
          "PowerChargeTrigerHp": 55,
          "PowerChargeTrigerTime": 40,
          "PowerChargeLimitTime": 9999,
          "PowerChargeCancelDamage": 25,
          "PowerChargePenaltyTime": 0,
          "PowerChargePenaltyAction": 0,
          "PowerChargeDamageRate": 20,
          "PowerChargeGemDamageRate": 80,
          "PowerChargeChangeGemDamageRate": 40,
          "ExtraAction1": {
            "Timming": 1,
            "Action": 3,
            "Value": 95,
            "Wazano": 217
          },
          "ExtraAction2": {
            "Timming": 2,
            "Action": 3,
            "Value": 75,
            "Wazano": 196
          },
          "ExtraAction3": {
            "Timming": 2,
            "Action": 1,
            "Value": 50,
            "Wazano": 0
          },
          "ExtraAction4": {
            "Timming": 2,
            "Action": 4,
            "Value": 40,
            "Wazano": 0
          },
          "ExtraAction5": {
            "Timming": 2,
            "Action": 2,
            "Value": 25,
            "Wazano": 0
          },
          "ExtraAction6": {
            "Timming": 0,
            "Action": 0,
            "Value": 0,
            "Wazano": 0
          },
          "DoubleActionTriggerHp": 0,
          "DoubleActionTriggerTime": 0,
          "DoubleActionRate": 0
        },
        "RaidTimeData": {
          "IsActive": false,
          "GameLimit": 300,
          "ClientLimit": 0,
          "CommandLimit": 0,
          "PokeReviveTime": 0,
          "AiIntervalTime": 0,
          "AiIntervalRand": 0
        }
      }
    },
    {
      "RaidEnemyInfo": {
        "RomVer": 0,
        "No": 2022122310,
        "DeliveryGroupID": 1,
        "Difficulty": 5,
        "Rate": 1,
        "DropTableFix": 3903165499233868286,
        "DropTableRandom": 3903165499233868286,
        "CaptureRate": 1,
        "CaptureLv": 75,
        "BossPokePara": {
          "DevId": 225,
          "FormId": 0,
          "Sex": 0,
          "Item": 0,
          "Level": 75,
          "BallId": 0,
          "WazaType": 1,
          "Waza1": {
            "WazaId": 217,
            "PointUp": 0
          },
          "Waza2": {
            "WazaId": 59,
            "PointUp": 0
          },
          "Waza3": {
            "WazaId": 129,
            "PointUp": 0
          },
          "Waza4": {
            "WazaId": 403,
            "PointUp": 0
          },
          "GemType": 1,
          "Seikaku": 0,
          "Tokusei": 1,
          "TalentType": 1,
          "TalentValue": {
            "HP": 0,
            "ATK": 0,
            "DEF": 0,
            "SPA": 0,
            "SPD": 0,
            "SPE": 0
          },
          "TalentVnum": 4,
          "EffortValue": {
            "HP": 0,
            "ATK": 0,
            "DEF": 0,
            "SPA": 0,
            "SPD": 0,
            "SPE": 0
          },
          "RareType": 0,
          "ScaleType": 0,
          "ScaleValue": 0
        },
        "BossPokeSize": {
          "HeightType": 1,
          "HeightValue": 1,
          "WeightType": 2,
          "WeightValue": 1,
          "ScaleType": 4,
          "ScaleValue": 1
        },
        "BossDesc": {
          "HpCoef": 2500,
          "PowerChargeTrigerHp": 55,
          "PowerChargeTrigerTime": 40,
          "PowerChargeLimitTime": 9999,
          "PowerChargeCancelDamage": 25,
          "PowerChargePenaltyTime": 0,
          "PowerChargePenaltyAction": 0,
          "PowerChargeDamageRate": 20,
          "PowerChargeGemDamageRate": 80,
          "PowerChargeChangeGemDamageRate": 40,
          "ExtraAction1": {
            "Timming": 1,
            "Action": 3,
            "Value": 95,
            "Wazano": 217
          },
          "ExtraAction2": {
            "Timming": 2,
            "Action": 3,
            "Value": 75,
            "Wazano": 196
          },
          "ExtraAction3": {
            "Timming": 2,
            "Action": 1,
            "Value": 50,
            "Wazano": 0
          },
          "ExtraAction4": {
            "Timming": 2,
            "Action": 4,
            "Value": 40,
            "Wazano": 0
          },
          "ExtraAction5": {
            "Timming": 2,
            "Action": 2,
            "Value": 25,
            "Wazano": 0
          },
          "ExtraAction6": {
            "Timming": 0,
            "Action": 0,
            "Value": 0,
            "Wazano": 0
          },
          "DoubleActionTriggerHp": 0,
          "DoubleActionTriggerTime": 0,
          "DoubleActionRate": 0
        },
        "RaidTimeData": {
          "IsActive": false,
          "GameLimit": 300,
          "ClientLimit": 0,
          "CommandLimit": 0,
          "PokeReviveTime": 0,
          "AiIntervalTime": 0,
          "AiIntervalRand": 0
        }
      }
    }
  ]
}