{
  "Table": [
    {
      "Info": {
        "RomVer": 0,
        "No": 2023042801,
        "DeliveryGroupID": 1,
        "Difficulty": 7,
        "Rate": 1,
        "DropTableFix": 8146045835149962600,
        "DropTableRandom": 8146045835149962600,
        "CaptureRate": 2,
        "CaptureLv": 100,
        "BossPokePara": {
          "DevId": 818,
          "FormId": 0,
          "Sex": 1,
          "Item": 0,
          "Level": 100,
          "BallId": 0,
          "WazaType": 1,
          "Waza1": {
            "WazaId": 59,
            "PointUp": 0
          },
          "Waza2": {
            "WazaId": 745,
            "PointUp": 0
          },
          "Waza3": {
            "WazaId": 399,
            "PointUp": 0
          },
          "Waza4": {
            "WazaId": 715,
            "PointUp": 0
          },
          "GemType": 16,
          "Seikaku": 18,
          "Tokusei": 4,
          "TalentType": 2,
          "TalentValue": {
            "HP": 31,
            "ATK": 31,
            "DEF": 31,
            "SPA": 31,
            "SPD": 31,
            "SPE": 31
          },
          "TalentVnum": 0,
          "EffortValue": {
            "HP": 0,
            "ATK": 0,
            "DEF": 0,
            "SPA": 0,
            "SPD": 0,
            "SPE": 0
          },
          "RareType": 1,
          "ScaleType": 6,
          "ScaleValue": 128
        },
        "BossPokeSize": {
          "HeightType": 1,
          "HeightValue": 1,
          "WeightType": 2,
          "WeightValue": 1,
          "ScaleType": 4,
          "ScaleValue": 1
        },
        "BossDesc": {
          "HpCoef": 3000,
          "PowerChargeTrigerHp": 85,
          "PowerChargeTrigerTime": 75,
          "PowerChargeLimitTime": 9999,
          "PowerChargeCancelDamage": 30,
          "PowerChargePenaltyTime": 0,
          "PowerChargePenaltyAction": 0,
          "PowerChargeDamageRate": 20,
          "PowerChargeGemDamageRate": 70,
          "PowerChargeChangeGemDamageRate": 30,
          "ExtraAction1": {
            "Timing": 1,
            "Action": 3,
            "Value": 99,
            "Wazano": 54
          },
          "ExtraAction2": {
            "Timing": 1,
            "Action": 3,
            "Value": 98,
            "Wazano": 883
          },
          "ExtraAction3": {
            "Timing": 2,
            "Action": 3,
            "Value": 90,
            "Wazano": 59
          },
          "ExtraAction4": {
            "Timing": 1,
            "Action": 2,
            "Value": 80,
            "Wazano": 0
          },
          "ExtraAction5": {
            "Timing": 2,
            "Action": 3,
            "Value": 50,
            "Wazano": 54
          },
          "ExtraAction6": {
            "Timing": 2,
            "Action": 3,
            "Value": 49,
            "Wazano": 883
          },
          "DoubleActionTriggerHp": 50,
          "DoubleActionTriggerTime": 50,
          "DoubleActionRate": 50
        },
        "TimeDesc": {
          "IsActive": true,
          "GameLimit": 450,
          "ClientLimit": 0,
          "CommandLimit": 60,
          "PokeReviveTime": 0,
          "AiIntervalTime": 0,
          "AiIntervalRand": 0
        }
      }
    }
  ]
}