{
  "Table": [
    {
      "RaidEnemyInfo": {
        "RomVer": 1,
        "No": 2023012001,
        "DeliveryGroupID": 1,
        "Difficulty": 4,
        "Rate": 2,
        "DropTableFix": 13863962306989275743,
        "DropTableRandom": 13863962306989275743,
        "CaptureRate": 1,
        "CaptureLv": 45,
        "BossPokePara": {
          "DevId": 426,
          "FormId": 0,
          "Sex": 0,
          "Item": 0,
          "Level": 45,
          "BallId": 0,
          "WazaType": 1,
          "Waza1": {
            "WazaId": 668,
            "PointUp": 0
          },
          "Waza2": {
            "WazaId": 247,
            "PointUp": 0
          },
          "Waza3": {
            "WazaId": 254,
            "PointUp": 0
          },
          "Waza4": {
            "WazaId": 371,
            "PointUp": 0
          },
          "GemType": 1,
          "Seikaku": 0,
          "Tokusei": 1,
          "TalentType": 1,
          "TalentValue": {
            "HP": 0,
            "ATK": 0,
            "DEF": 0,
            "SPA": 0,
            "SPD": 0,
            "SPE": 0
          },
          "TalentVnum": 3,
          "EffortValue": {
            "HP": 0,
            "ATK": 0,
            "DEF": 0,
            "SPA": 0,
            "SPD": 0,
            "SPE": 0
          },
          "RareType": 0,
          "ScaleType": 0,
          "ScaleValue": 0
        },
        "BossPokeSize": {
          "HeightType": 1,
          "HeightValue": 1,
          "WeightType": 2,
          "WeightValue": 1,
          "ScaleType": 4,
          "ScaleValue": 1
        },
        "BossDesc": {
          "HpCoef": 1200,
          "PowerChargeTrigerHp": 50,
          "PowerChargeTrigerTime": 35,
          "PowerChargeLimitTime": 9999,
          "PowerChargeCancelDamage": 20,
          "PowerChargePenaltyTime": 0,
          "PowerChargePenaltyAction": 0,
          "PowerChargeDamageRate": 20,
          "PowerChargeGemDamageRate": 0,
          "PowerChargeChangeGemDamageRate": 0,
          "ExtraAction1": {
            "Timming": 1,
            "Action": 3,
            "Value": 80,
            "Wazano": 254
          },
          "ExtraAction2": {
            "Timming": 2,
            "Action": 1,
            "Value": 75,
            "Wazano": 0
          },
          "ExtraAction3": {
            "Timming": 1,
            "Action": 2,
            "Value": 35,
            "Wazano": 0
          },
          "ExtraAction4": {
            "Timming": 0,
            "Action": 0,
            "Value": 0,
            "Wazano": 0
          },
          "ExtraAction5": {
            "Timming": 0,
            "Action": 0,
            "Value": 0,
            "Wazano": 0
          },
          "ExtraAction6": {
            "Timming": 0,
            "Action": 0,
            "Value": 0,
            "Wazano": 0
          },
          "DoubleActionTriggerHp": 0,
          "DoubleActionTriggerTime": 0,
          "DoubleActionRate": 0
        },
        "RaidTimeData": {
          "IsActive": false,
          "GameLimit": 300,
          "ClientLimit": 0,
          "CommandLimit": 0,
          "PokeReviveTime": 0,
          "AiIntervalTime": 0,
          "AiIntervalRand": 0
        }
      }
    },
    {
      "RaidEnemyInfo": {
        "RomVer": 1,
        "No": 2023012002,
        "DeliveryGroupID": 1,
        "Difficulty": 5,
        "Rate": 1,
        "DropTableFix": 13863963406500903954,
        "DropTableRandom": 13863963406500903954,
        "CaptureRate": 1,
        "CaptureLv": 75,
        "BossPokePara": {
          "DevId": 426,
          "FormId": 0,
          "Sex": 0,
          "Item": 0,
          "Level": 75,
          "BallId": 0,
          "WazaType": 1,
          "Waza1": {
            "WazaId": 314,
            "PointUp": 0
          },
          "Waza2": {
            "WazaId": 247,
            "PointUp": 0
          },
          "Waza3": {
            "WazaId": 254,
            "PointUp": 0
          },
          "Waza4": {
            "WazaId": 668,
            "PointUp": 0
          },
          "GemType": 1,
          "Seikaku": 0,
          "Tokusei": 1,
          "TalentType": 1,
          "TalentValue": {
            "HP": 0,
            "ATK": 0,
            "DEF": 0,
            "SPA": 0,
            "SPD": 0,
            "SPE": 0
          },
          "TalentVnum": 4,
          "EffortValue": {
            "HP": 0,
            "ATK": 0,
            "DEF": 0,
            "SPA": 0,
            "SPD": 0,
            "SPE": 0
          },
          "RareType": 0,
          "ScaleType": 0,
          "ScaleValue": 0
        },
        "BossPokeSize": {
          "HeightType": 1,
          "HeightValue": 1,
          "WeightType": 2,
          "WeightValue": 1,
          "ScaleType": 4,
          "ScaleValue": 1
        },
        "BossDesc": {
          "HpCoef": 2000,
          "PowerChargeTrigerHp": 55,
          "PowerChargeTrigerTime": 40,
          "PowerChargeLimitTime": 9999,
          "PowerChargeCancelDamage": 25,
          "PowerChargePenaltyTime": 0,
          "PowerChargePenaltyAction": 0,
          "PowerChargeDamageRate": 20,
          "PowerChargeGemDamageRate": 80,
          "PowerChargeChangeGemDamageRate": 40,
          "ExtraAction1": {
            "Timming": 1,
            "Action": 3,
            "Value": 85,
            "Wazano": 366
          },
          "ExtraAction2": {
            "Timming": 2,
            "Action": 3,
            "Value": 75,
            "Wazano": 254
          },
          "ExtraAction3": {
            "Timming": 2,
            "Action": 1,
            "Value": 50,
            "Wazano": 0
          },
          "ExtraAction4": {
            "Timming": 2,
            "Action": 4,
            "Value": 40,
            "Wazano": 0
          },
          "ExtraAction5": {
            "Timming": 2,
            "Action": 2,
            "Value": 25,
            "Wazano": 0
          },
          "ExtraAction6": {
            "Timming": 0,
            "Action": 0,
            "Value": 0,
            "Wazano": 0
          },
          "DoubleActionTriggerHp": 0,
          "DoubleActionTriggerTime": 0,
          "DoubleActionRate": 0
        },
        "RaidTimeData": {
          "IsActive": false,
          "GameLimit": 300,
          "ClientLimit": 0,
          "CommandLimit": 0,
          "PokeReviveTime": 0,
          "AiIntervalTime": 0,
          "AiIntervalRand": 0
        }
      }
    },
    {
      "RaidEnemyInfo": {
        "RomVer": 1,
        "No": 2023012003,
        "DeliveryGroupID": 1,
        "Difficulty": 5,
        "Rate": 1,
        "DropTableFix": 13863963406500903954,
        "DropTableRandom": 13863963406500903954,
        "CaptureRate": 1,
        "CaptureLv": 75,
        "BossPokePara": {
          "DevId": 426,
          "FormId": 0,
          "Sex": 0,
          "Item": 0,
          "Level": 75,
          "BallId": 0,
          "WazaType": 1,
          "Waza1": {
            "WazaId": 314,
            "PointUp": 0
          },
          "Waza2": {
            "WazaId": 247,
            "PointUp": 0
          },
          "Waza3": {
            "WazaId": 254,
            "PointUp": 0
          },
          "Waza4": {
            "WazaId": 668,
            "PointUp": 0
          },
          "GemType": 18,
          "Seikaku": 0,
          "Tokusei": 1,
          "TalentType": 1,
          "TalentValue": {
            "HP": 0,
            "ATK": 0,
            "DEF": 0,
            "SPA": 0,
            "SPD": 0,
            "SPE": 0
          },
          "TalentVnum": 4,
          "EffortValue": {
            "HP": 0,
            "ATK": 0,
            "DEF": 0,
            "SPA": 0,
            "SPD": 0,
            "SPE": 0
          },
          "RareType": 0,
          "ScaleType": 0,
          "ScaleValue": 0
        },
        "BossPokeSize": {
          "HeightType": 1,
          "HeightValue": 1,
          "WeightType": 2,
          "WeightValue": 1,
          "ScaleType": 4,
          "ScaleValue": 1
        },
        "BossDesc": {
          "HpCoef": 2000,
          "PowerChargeTrigerHp": 55,
          "PowerChargeTrigerTime": 40,
          "PowerChargeLimitTime": 9999,
          "PowerChargeCancelDamage": 25,
          "PowerChargePenaltyTime": 0,
          "PowerChargePenaltyAction": 0,
          "PowerChargeDamageRate": 20,
          "PowerChargeGemDamageRate": 80,
          "PowerChargeChangeGemDamageRate": 40,
          "ExtraAction1": {
            "Timming": 1,
            "Action": 3,
            "Value": 85,
            "Wazano": 366
          },
          "ExtraAction2": {
            "Timming": 2,
            "Action": 3,
            "Value": 75,
            "Wazano": 254
          },
          "ExtraAction3": {
            "Timming": 2,
            "Action": 1,
            "Value": 50,
            "Wazano": 0
          },
          "ExtraAction4": {
            "Timming": 2,
            "Action": 4,
            "Value": 40,
            "Wazano": 0
          },
          "ExtraAction5": {
            "Timming": 2,
            "Action": 2,
            "Value": 25,
            "Wazano": 0
          },
          "ExtraAction6": {
            "Timming": 0,
            "Action": 0,
            "Value": 0,
            "Wazano": 0
          },
          "DoubleActionTriggerHp": 0,
          "DoubleActionTriggerTime": 0,
          "DoubleActionRate": 0
        },
        "RaidTimeData": {
          "IsActive": false,
          "GameLimit": 300,
          "ClientLimit": 0,
          "CommandLimit": 0,
          "PokeReviveTime": 0,
          "AiIntervalTime": 0,
          "AiIntervalRand": 0
        }
      }
    },
    {
      "RaidEnemyInfo": {
        "RomVer": 2,
        "No": 2023012004,
        "DeliveryGroupID": 1,
        "Difficulty": 4,
        "Rate": 2,
        "DropTableFix": 13863956809431134688,
        "DropTableRandom": 13863956809431134688,
        "CaptureRate": 1,
        "CaptureLv": 45,
        "BossPokePara": {
          "DevId": 429,
          "FormId": 0,
          "Sex": 0,
          "Item": 0,
          "Level": 45,
          "BallId": 0,
          "WazaType": 1,
          "Waza1": {
            "WazaId": 595,
            "PointUp": 0
          },
          "Waza2": {
            "WazaId": 313,
            "PointUp": 0
          },
          "Waza3": {
            "WazaId": 506,
            "PointUp": 0
          },
          "Waza4": {
            "WazaId": 109,
            "PointUp": 0
          },
          "GemType": 1,
          "Seikaku": 0,
          "Tokusei": 1,
          "TalentType": 1,
          "TalentValue": {
            "HP": 0,
            "ATK": 0,
            "DEF": 0,
            "SPA": 0,
            "SPD": 0,
            "SPE": 0
          },
          "TalentVnum": 3,
          "EffortValue": {
            "HP": 0,
            "ATK": 0,
            "DEF": 0,
            "SPA": 0,
            "SPD": 0,
            "SPE": 0
          },
          "RareType": 0,
          "ScaleType": 0,
          "ScaleValue": 0
        },
        "BossPokeSize": {
          "HeightType": 1,
          "HeightValue": 1,
          "WeightType": 2,
          "WeightValue": 1,
          "ScaleType": 4,
          "ScaleValue": 1
        },
        "BossDesc": {
          "HpCoef": 1200,
          "PowerChargeTrigerHp": 50,
          "PowerChargeTrigerTime": 35,
          "PowerChargeLimitTime": 9999,
          "PowerChargeCancelDamage": 20,
          "PowerChargePenaltyTime": 0,
          "PowerChargePenaltyAction": 0,
          "PowerChargeDamageRate": 20,
          "PowerChargeGemDamageRate": 0,
          "PowerChargeChangeGemDamageRate": 0,
          "ExtraAction1": {
            "Timming": 1,
            "Action": 3,
            "Value": 80,
            "Wazano": 417
          },
          "ExtraAction2": {
            "Timming": 2,
            "Action": 1,
            "Value": 75,
            "Wazano": 0
          },
          "ExtraAction3": {
            "Timming": 1,
            "Action": 2,
            "Value": 35,
            "Wazano": 0
          },
          "ExtraAction4": {
            "Timming": 0,
            "Action": 0,
            "Value": 0,
            "Wazano": 0
          },
          "ExtraAction5": {
            "Timming": 0,
            "Action": 0,
            "Value": 0,
            "Wazano": 0
          },
          "ExtraAction6": {
            "Timming": 0,
            "Action": 0,
            "Value": 0,
            "Wazano": 0
          },
          "DoubleActionTriggerHp": 0,
          "DoubleActionTriggerTime": 0,
          "DoubleActionRate": 0
        },
        "RaidTimeData": {
          "IsActive": false,
          "GameLimit": 300,
          "ClientLimit": 0,
          "CommandLimit": 0,
          "PokeReviveTime": 0,
          "AiIntervalTime": 0,
          "AiIntervalRand": 0
        }
      }
    },
    {
      "RaidEnemyInfo": {
        "RomVer": 2,
        "No": 2023012005,
        "DeliveryGroupID": 1,
        "Difficulty": 5,
        "Rate": 1,
        "DropTableFix": 13863957908942762899,
        "DropTableRandom": 13863957908942762899,
        "CaptureRate": 1,
        "CaptureLv": 75,
        "BossPokePara": {
          "DevId": 429,
          "FormId": 0,
          "Sex": 0,
          "Item": 0,
          "Level": 75,
          "BallId": 0,
          "WazaType": 1,
          "Waza1": {
            "WazaId": 595,
            "PointUp": 0
          },
          "Waza2": {
            "WazaId": 313,
            "PointUp": 0
          },
          "Waza3": {
            "WazaId": 247,
            "PointUp": 0
          },
          "Waza4": {
            "WazaId": 408,
            "PointUp": 0
          },
          "GemType": 1,
          "Seikaku": 0,
          "Tokusei": 1,
          "TalentType": 1,
          "TalentValue": {
            "HP": 0,
            "ATK": 0,
            "DEF": 0,
            "SPA": 0,
            "SPD": 0,
            "SPE": 0
          },
          "TalentVnum": 4,
          "EffortValue": {
            "HP": 0,
            "ATK": 0,
            "DEF": 0,
            "SPA": 0,
            "SPD": 0,
            "SPE": 0
          },
          "RareType": 0,
          "ScaleType": 0,
          "ScaleValue": 0
        },
        "BossPokeSize": {
          "HeightType": 1,
          "HeightValue": 1,
          "WeightType": 2,
          "WeightValue": 1,
          "ScaleType": 4,
          "ScaleValue": 1
        },
        "BossDesc": {
          "HpCoef": 2000,
          "PowerChargeTrigerHp": 55,
          "PowerChargeTrigerTime": 40,
          "PowerChargeLimitTime": 9999,
          "PowerChargeCancelDamage": 25,
          "PowerChargePenaltyTime": 0,
          "PowerChargePenaltyAction": 0,
          "PowerChargeDamageRate": 20,
          "PowerChargeGemDamageRate": 80,
          "PowerChargeChangeGemDamageRate": 40,
          "ExtraAction1": {
            "Timming": 1,
            "Action": 3,
            "Value": 85,
            "Wazano": 417
          },
          "ExtraAction2": {
            "Timming": 2,
            "Action": 3,
            "Value": 75,
            "Wazano": 417
          },
          "ExtraAction3": {
            "Timming": 2,
            "Action": 1,
            "Value": 50,
            "Wazano": 0
          },
          "ExtraAction4": {
            "Timming": 2,
            "Action": 4,
            "Value": 40,
            "Wazano": 0
          },
          "ExtraAction5": {
            "Timming": 2,
            "Action": 2,
            "Value": 25,
            "Wazano": 0
          },
          "ExtraAction6": {
            "Timming": 0,
            "Action": 0,
            "Value": 0,
            "Wazano": 0
          },
          "DoubleActionTriggerHp": 0,
          "DoubleActionTriggerTime": 0,
          "DoubleActionRate": 0
        },
        "RaidTimeData": {
          "IsActive": false,
          "GameLimit": 300,
          "ClientLimit": 0,
          "CommandLimit": 0,
          "PokeReviveTime": 0,
          "AiIntervalTime": 0,
          "AiIntervalRand": 0
        }
      }
    },
    {
      "RaidEnemyInfo": {
        "RomVer": 2,
        "No": 2023012006,
        "DeliveryGroupID": 1,
        "Difficulty": 5,
        "Rate": 1,
        "DropTableFix": 13863957908942762899,
        "DropTableRandom": 13863957908942762899,
        "CaptureRate": 1,
        "CaptureLv": 75,
        "BossPokePara": {
          "DevId": 429,
          "FormId": 0,
          "Sex": 0,
          "Item": 0,
          "Level": 75,
          "BallId": 0,
          "WazaType": 1,
          "Waza1": {
            "WazaId": 595,
            "PointUp": 0
          },
          "Waza2": {
            "WazaId": 313,
            "PointUp": 0
          },
          "Waza3": {
            "WazaId": 247,
            "PointUp": 0
          },
          "Waza4": {
            "WazaId": 408,
            "PointUp": 0
          },
          "GemType": 9,
          "Seikaku": 0,
          "Tokusei": 1,
          "TalentType": 1,
          "TalentValue": {
            "HP": 0,
            "ATK": 0,
            "DEF": 0,
            "SPA": 0,
            "SPD": 0,
            "SPE": 0
          },
          "TalentVnum": 4,
          "EffortValue": {
            "HP": 0,
            "ATK": 0,
            "DEF": 0,
            "SPA": 0,
            "SPD": 0,
            "SPE": 0
          },
          "RareType": 0,
          "ScaleType": 0,
          "ScaleValue": 0
        },
        "BossPokeSize": {
          "HeightType": 1,
          "HeightValue": 1,
          "WeightType": 2,
          "WeightValue": 1,
          "ScaleType": 4,
          "ScaleValue": 1
        },
        "BossDesc": {
          "HpCoef": 2000,
          "PowerChargeTrigerHp": 55,
          "PowerChargeTrigerTime": 40,
          "PowerChargeLimitTime": 9999,
          "PowerChargeCancelDamage": 25,
          "PowerChargePenaltyTime": 0,
          "PowerChargePenaltyAction": 0,
          "PowerChargeDamageRate": 20,
          "PowerChargeGemDamageRate": 80,
          "PowerChargeChangeGemDamageRate": 40,
          "ExtraAction1": {
            "Timming": 1,
            "Action": 3,
            "Value": 85,
            "Wazano": 417
          },
          "ExtraAction2": {
            "Timming": 2,
            "Action": 3,
            "Value": 75,
            "Wazano": 417
          },
          "ExtraAction3": {
            "Timming": 2,
            "Action": 1,
            "Value": 50,
            "Wazano": 0
          },
          "ExtraAction4": {
            "Timming": 2,
            "Action": 4,
            "Value": 40,
            "Wazano": 0
          },
          "ExtraAction5": {
            "Timming": 2,
            "Action": 2,
            "Value": 25,
            "Wazano": 0
          },
          "ExtraAction6": {
            "Timming": 0,
            "Action": 0,
            "Value": 0,
            "Wazano": 0
          },
          "DoubleActionTriggerHp": 0,
          "DoubleActionTriggerTime": 0,
          "DoubleActionRate": 0
        },
        "RaidTimeData": {
          "IsActive": false,
          "GameLimit": 300,
          "ClientLimit": 0,
          "CommandLimit": 0,
          "PokeReviveTime": 0,
          "AiIntervalTime": 0,
          "AiIntervalRand": 0
        }
      }
    }
  ]
}